{"cameraMode":{"drawMode":0,"name":"Shaded","section":"Shading Mode"},"sceneLighting":false,"audioPlay":false,"sceneViewState":{"showFog":true,"showMaterialUpdate":false,"showSkybox":false,"showFlares":true,"showImageEffects":true,"showParticleSystems":true,"showVisualEffectGraphs":true,"m_FxEnabled":true},"in2DMode":false,"pivot":{"x":0.07786567509174347,"y":2.7938547134399416,"z":1.246455192565918},"rotation":{"x":0.005217244382947683,"y":-0.9934558272361755,"z":0.0510232038795948,"w":0.10258806496858597},"size":0.7761322855949402,"orthographic":false}