{"cameraMode":{"drawMode":0,"name":"Shaded","section":"Shading Mode"},"sceneLighting":true,"audioPlay":false,"sceneViewState":{"showFog":true,"showMaterialUpdate":false,"showSkybox":true,"showFlares":true,"showImageEffects":true,"showParticleSystems":true,"showVisualEffectGraphs":true,"m_FxEnabled":true},"in2DMode":false,"pivot":{"x":9.554628372192383,"y":0.8188839554786682,"z":-30.812320709228517},"rotation":{"x":0.06789103895425797,"y":0.9083091616630554,"z":-0.37312275171279909,"w":0.17855216562747956},"size":30.28036117553711,"orthographic":false}