{"cameraMode":{"drawMode":0,"name":"Shaded","section":"Shading Mode"},"sceneLighting":true,"audioPlay":false,"sceneViewState":{"showFog":true,"showMaterialUpdate":false,"showSkybox":true,"showFlares":true,"showImageEffects":true,"showParticleSystems":true,"showVisualEffectGraphs":true,"m_FxEnabled":true},"in2DMode":false,"pivot":{"x":-8.939241409301758,"y":1.9246480464935303,"z":-2.0932226181030275},"rotation":{"x":-0.029245181009173394,"y":0.8870898485183716,"z":-0.051062509417533877,"w":-0.45847076177597048},"size":5.839738368988037,"orthographic":false}