{"cameraMode":{"drawMode":0,"name":"Shaded","section":"Shading Mode"},"sceneLighting":true,"audioPlay":false,"sceneViewState":{"showFog":true,"showMaterialUpdate":false,"showSkybox":true,"showFlares":true,"showImageEffects":true,"showParticleSystems":true,"showVisualEffectGraphs":true,"m_FxEnabled":true},"in2DMode":false,"pivot":{"x":-5.887033462524414,"y":0.8324823379516602,"z":9.379655838012696},"rotation":{"x":0.04827149957418442,"y":-0.029969049617648126,"z":0.0014790449058637024,"w":0.9984762668609619},"size":7.922073841094971,"orthographic":false}