{"cameraMode":{"drawMode":0,"name":"Shaded","section":"Shading Mode"},"sceneLighting":true,"audioPlay":false,"sceneViewState":{"showFog":true,"showMaterialUpdate":false,"showSkybox":true,"showFlares":true,"showImageEffects":true,"showParticleSystems":true,"showVisualEffectGraphs":true,"m_FxEnabled":true},"in2DMode":false,"pivot":{"x":23.36088752746582,"y":5.330770969390869,"z":-51.923744201660159},"rotation":{"x":-0.019134171307086946,"y":0.9664033055305481,"z":0.07369288802146912,"w":0.24639098346233369},"size":16.757352828979493,"orthographic":false}